<?xml version='1.0' encoding='UTF-8'?>
<definitions xmlns="http://www.omg.org/spec/BPMN/20100524/MODEL" xmlns:xsi="http://www.w3.org/2001/XMLSchema-instance" xmlns:xsd="http://www.w3.org/2001/XMLSchema" xmlns:activiti="http://activiti.org/bpmn" xmlns:bpmndi="http://www.omg.org/spec/BPMN/20100524/DI" xmlns:omgdc="http://www.omg.org/spec/DD/20100524/DC" xmlns:omgdi="http://www.omg.org/spec/DD/20100524/DI" typeLanguage="http://www.w3.org/2001/XMLSchema" expressionLanguage="http://www.w3.org/1999/XPath" targetNamespace="http://www.activiti.org/processdef" xmlns:modeler="http://activiti.com/modeler" modeler:version="1.0en" modeler:exportDateTime="20200409180142856" modeler:modelId="5" modeler:modelVersion="2" modeler:modelLastUpdated="1586455291890">
  <process id="zuzu" name="zuzu" isExecutable="true">
    <documentation>zuzu description</documentation>
    <startEvent id="startEvent1" name="zuzu start" activiti:formKey="6">
      <extensionElements>
        <modeler:form-reference-id><![CDATA[6]]></modeler:form-reference-id>
        <modeler:form-reference-name><![CDATA[form3]]></modeler:form-reference-name>
        <modeler:editor-resource-id><![CDATA[startEvent1]]></modeler:editor-resource-id>
      </extensionElements>
    </startEvent>
    <userTask id="sid-586E4329-C9F0-40DB-B2D8-715C6156CFF9" name="zuzu middle" activiti:assignee="$INITIATOR" activiti:formKey="7">
      <extensionElements>
        <modeler:allow-send-email><![CDATA[true]]></modeler:allow-send-email>
        <modeler:form-reference-id><![CDATA[7]]></modeler:form-reference-id>
        <modeler:form-reference-name><![CDATA[form4]]></modeler:form-reference-name>
        <modeler:activiti-idm-initiator><![CDATA[true]]></modeler:activiti-idm-initiator>
        <modeler:editor-resource-id><![CDATA[sid-586E4329-C9F0-40DB-B2D8-715C6156CFF9]]></modeler:editor-resource-id>
      </extensionElements>
    </userTask>
    <sequenceFlow id="sid-1E2370C7-14CD-4742-98BB-7ABDC4680E65" sourceRef="startEvent1" targetRef="sid-586E4329-C9F0-40DB-B2D8-715C6156CFF9">
      <extensionElements>
        <modeler:editor-resource-id><![CDATA[sid-1E2370C7-14CD-4742-98BB-7ABDC4680E65]]></modeler:editor-resource-id>
      </extensionElements>
    </sequenceFlow>
    <endEvent id="sid-3A66C58D-9567-498F-B953-5F4796908EDA" name="zuzu end">
      <extensionElements>
        <modeler:editor-resource-id><![CDATA[sid-3A66C58D-9567-498F-B953-5F4796908EDA]]></modeler:editor-resource-id>
      </extensionElements>
    </endEvent>
    <sequenceFlow id="sid-FEC5C7A1-BF6E-4D4D-B95A-63D8DACED456" sourceRef="sid-586E4329-C9F0-40DB-B2D8-715C6156CFF9" targetRef="sid-3A66C58D-9567-498F-B953-5F4796908EDA">
      <extensionElements>
        <modeler:editor-resource-id><![CDATA[sid-FEC5C7A1-BF6E-4D4D-B95A-63D8DACED456]]></modeler:editor-resource-id>
      </extensionElements>
    </sequenceFlow>
  </process>
  <bpmndi:BPMNDiagram id="BPMNDiagram_zuzu">
    <bpmndi:BPMNPlane bpmnElement="zuzu" id="BPMNPlane_zuzu">
      <bpmndi:BPMNShape bpmnElement="startEvent1" id="BPMNShape_startEvent1">
        <omgdc:Bounds height="30.0" width="30.0" x="105.0" y="135.0"/>
      </bpmndi:BPMNShape>
      <bpmndi:BPMNShape bpmnElement="sid-586E4329-C9F0-40DB-B2D8-715C6156CFF9" id="BPMNShape_sid-586E4329-C9F0-40DB-B2D8-715C6156CFF9">
        <omgdc:Bounds height="80.0" width="100.0" x="180.0" y="110.0"/>
      </bpmndi:BPMNShape>
      <bpmndi:BPMNShape bpmnElement="sid-3A66C58D-9567-498F-B953-5F4796908EDA" id="BPMNShape_sid-3A66C58D-9567-498F-B953-5F4796908EDA">
        <omgdc:Bounds height="28.0" width="28.0" x="325.0" y="136.0"/>
      </bpmndi:BPMNShape>
      <bpmndi:BPMNEdge bpmnElement="sid-FEC5C7A1-BF6E-4D4D-B95A-63D8DACED456" id="BPMNEdge_sid-FEC5C7A1-BF6E-4D4D-B95A-63D8DACED456">
        <omgdi:waypoint x="280.0" y="150.0"/>
        <omgdi:waypoint x="325.0" y="150.0"/>
      </bpmndi:BPMNEdge>
      <bpmndi:BPMNEdge bpmnElement="sid-1E2370C7-14CD-4742-98BB-7ABDC4680E65" id="BPMNEdge_sid-1E2370C7-14CD-4742-98BB-7ABDC4680E65">
        <omgdi:waypoint x="135.0" y="150.0"/>
        <omgdi:waypoint x="180.0" y="150.0"/>
      </bpmndi:BPMNEdge>
    </bpmndi:BPMNPlane>
  </bpmndi:BPMNDiagram>
</definitions>