{"resourceId":5,"properties":{"process_id":"zuzu","name":"zuzu","documentation":"zuzu description","process_author":"","process_version":"","process_namespace":"http://www.activiti.org/processdef","executionlisteners":"","eventlisteners":"","signaldefinitions":"","messagedefinitions":"","executionvariables":"","metadata":""},"stencil":{"id":"BPMNDiagram"},"childShapes":[{"resourceId":"startEvent1","properties":{"overrideid":"","name":"zuzu start","documentation":"","executionlisteners":"","initiator":"","formkeydefinition":"","formreference":{"id":6,"name":"form3","referenceId":5},"fieldstovariables":"","formproperties":""},"stencil":{"id":"StartNoneEvent"},"childShapes":[],"outgoing":[{"resourceId":"sid-1E2370C7-14CD-4742-98BB-7ABDC4680E65"}],"bounds":{"lowerRight":{"x":135,"y":165},"upperLeft":{"x":105,"y":135}},"dockers":[]},{"resourceId":"sid-586E4329-C9F0-40DB-B2D8-715C6156CFF9","properties":{"overrideid":"","name":"zuzu middle","documentation":"","asynchronousdefinition":"false","exclusivedefinition":"false","executionlisteners":"","multiinstance_type":"None","multiinstance_cardinality":"","multiinstance_collection":"","multiinstance_variable":"","multiinstance_condition":"","isforcompensation":"false","usertasksendemail":true,"usertaskassignment":"","formkeydefinition":"","formreference":{"id":7,"name":"form4","referenceId":5},"fieldstovariables":"","duedatedefinition":"","prioritydefinition":"","categorydefinition":"","formproperties":"","tasklisteners":"","emailtemplate":""},"stencil":{"id":"UserTask"},"childShapes":[],"outgoing":[{"resourceId":"sid-FEC5C7A1-BF6E-4D4D-B95A-63D8DACED456"}],"bounds":{"lowerRight":{"x":280,"y":190},"upperLeft":{"x":180,"y":110}},"dockers":[]},{"resourceId":"sid-1E2370C7-14CD-4742-98BB-7ABDC4680E65","properties":{"overrideid":"","name":"","documentation":"","conditionsequenceflow":"","executionlisteners":"","defaultflow":"false"},"stencil":{"id":"SequenceFlow"},"childShapes":[],"outgoing":[{"resourceId":"sid-586E4329-C9F0-40DB-B2D8-715C6156CFF9"}],"bounds":{"lowerRight":{"x":179.15625,"y":150},"upperLeft":{"x":135.609375,"y":150}},"dockers":[{"x":15,"y":15},{"x":50,"y":40}],"target":{"resourceId":"sid-586E4329-C9F0-40DB-B2D8-715C6156CFF9"}},{"resourceId":"sid-3A66C58D-9567-498F-B953-5F4796908EDA","properties":{"overrideid":"","name":"zuzu end","documentation":"","executionlisteners":""},"stencil":{"id":"EndNoneEvent"},"childShapes":[],"outgoing":[],"bounds":{"lowerRight":{"x":353,"y":164},"upperLeft":{"x":325,"y":136}},"dockers":[]},{"resourceId":"sid-FEC5C7A1-BF6E-4D4D-B95A-63D8DACED456","properties":{"overrideid":"","name":"","documentation":"","conditionsequenceflow":"","executionlisteners":"","defaultflow":"false"},"stencil":{"id":"SequenceFlow"},"childShapes":[],"outgoing":[{"resourceId":"sid-3A66C58D-9567-498F-B953-5F4796908EDA"}],"bounds":{"lowerRight":{"x":324.375,"y":150},"upperLeft":{"x":280.390625,"y":150}},"dockers":[{"x":50,"y":40},{"x":14,"y":14}],"target":{"resourceId":"sid-3A66C58D-9567-498F-B953-5F4796908EDA"}}],"bounds":{"lowerRight":{"x":1200,"y":1050},"upperLeft":{"x":0,"y":0}},"stencilset":{"url":"stencilsets/bpmn2.0/bpmn2.0.json","namespace":"http://b3mn.org/stencilset/bpmn2.0#"},"ssextensions":[]}