{"resourceId":1,"properties":{"process_id":"yoyo","name":"yoyo","documentation":"yoyo description","process_author":"","process_version":"","process_namespace":"http://www.activiti.org/processdef","executionlisteners":"","eventlisteners":"","signaldefinitions":"","messagedefinitions":"","executionvariables":"","metadata":""},"stencil":{"id":"BPMNDiagram"},"childShapes":[{"resourceId":"startEvent1","properties":{"overrideid":"","name":"yoyo start","documentation":"","executionlisteners":"","initiator":"","formkeydefinition":"","formreference":{"id":2,"name":"form1","referenceId":1},"fieldstovariables":"","formproperties":""},"stencil":{"id":"StartNoneEvent"},"childShapes":[],"outgoing":[{"resourceId":"sid-36B25C60-636F-4D76-8EAB-4833D0AC5318"}],"bounds":{"lowerRight":{"x":130,"y":193},"upperLeft":{"x":100,"y":163}},"dockers":[]},{"resourceId":"sid-2A3C413C-B4AD-4DAC-989A-BDC4D4D9A8AD","properties":{"overrideid":"","name":"yoyo middle","documentation":"","asynchronousdefinition":"false","exclusivedefinition":"false","executionlisteners":"","multiinstance_type":"None","multiinstance_cardinality":"","multiinstance_collection":"","multiinstance_variable":"","multiinstance_condition":"","isforcompensation":"false","usertasksendemail":true,"usertaskassignment":"","formkeydefinition":"","formreference":{"id":3,"name":"form2","referenceId":1,"variablesmapping":[]},"fieldstovariables":"","duedatedefinition":"","prioritydefinition":"","categorydefinition":"","formproperties":"","tasklisteners":"","emailtemplate":""},"stencil":{"id":"UserTask"},"childShapes":[],"outgoing":[{"resourceId":"sid-4776B68F-3516-4F2A-A3BB-7A0F71A42FAD"}],"bounds":{"lowerRight":{"x":490,"y":218},"upperLeft":{"x":390,"y":138}},"dockers":[]},{"resourceId":"sid-36B25C60-636F-4D76-8EAB-4833D0AC5318","properties":{"overrideid":"","name":"","documentation":"","conditionsequenceflow":"","executionlisteners":"","defaultflow":"false"},"stencil":{"id":"SequenceFlow"},"childShapes":[],"outgoing":[{"resourceId":"sid-2A3C413C-B4AD-4DAC-989A-BDC4D4D9A8AD"}],"bounds":{"lowerRight":{"x":389.48828125,"y":178},"upperLeft":{"x":130.599609375,"y":178}},"dockers":[{"x":15,"y":15},{"x":50,"y":40}],"target":{"resourceId":"sid-2A3C413C-B4AD-4DAC-989A-BDC4D4D9A8AD"}},{"resourceId":"sid-0B487AE3-2C0F-4A32-9280-12D78BA73E61","properties":{"overrideid":"","name":"yoyo end","documentation":"","executionlisteners":""},"stencil":{"id":"EndNoneEvent"},"childShapes":[],"outgoing":[],"bounds":{"lowerRight":{"x":733,"y":192},"upperLeft":{"x":705,"y":164}},"dockers":[]},{"resourceId":"sid-4776B68F-3516-4F2A-A3BB-7A0F71A42FAD","properties":{"overrideid":"","name":"","documentation":"","conditionsequenceflow":"","executionlisteners":"","defaultflow":"false"},"stencil":{"id":"SequenceFlow"},"childShapes":[],"outgoing":[{"resourceId":"sid-0B487AE3-2C0F-4A32-9280-12D78BA73E61"}],"bounds":{"lowerRight":{"x":704.921875,"y":178},"upperLeft":{"x":490.04296875,"y":178}},"dockers":[{"x":50,"y":40},{"x":14,"y":14}],"target":{"resourceId":"sid-0B487AE3-2C0F-4A32-9280-12D78BA73E61"}}],"bounds":{"lowerRight":{"x":1200,"y":1050},"upperLeft":{"x":0,"y":0}},"stencilset":{"url":"stencilsets/bpmn2.0/bpmn2.0.json","namespace":"http://b3mn.org/stencilset/bpmn2.0#"},"ssextensions":[]}