<?xml version='1.0' encoding='UTF-8'?>
<definitions xmlns="http://www.omg.org/spec/BPMN/20100524/MODEL" xmlns:xsi="http://www.w3.org/2001/XMLSchema-instance" xmlns:xsd="http://www.w3.org/2001/XMLSchema" xmlns:activiti="http://activiti.org/bpmn" xmlns:bpmndi="http://www.omg.org/spec/BPMN/20100524/DI" xmlns:omgdc="http://www.omg.org/spec/DD/20100524/DC" xmlns:omgdi="http://www.omg.org/spec/DD/20100524/DI" typeLanguage="http://www.w3.org/2001/XMLSchema" expressionLanguage="http://www.w3.org/1999/XPath" targetNamespace="http://www.activiti.org/processdef" xmlns:modeler="http://activiti.com/modeler" modeler:version="1.0en" modeler:exportDateTime="20200409054954888" modeler:modelId="1" modeler:modelVersion="2" modeler:modelLastUpdated="1586411275259">
  <process id="yoyo" name="yoyo" isExecutable="true">
    <documentation>yoyo description</documentation>
    <startEvent id="startEvent1" name="yoyo start" activiti:formKey="2">
      <extensionElements>
        <modeler:form-reference-id><![CDATA[2]]></modeler:form-reference-id>
        <modeler:form-reference-name><![CDATA[form1]]></modeler:form-reference-name>
        <modeler:editor-resource-id><![CDATA[startEvent1]]></modeler:editor-resource-id>
      </extensionElements>
    </startEvent>
    <userTask id="sid-2A3C413C-B4AD-4DAC-989A-BDC4D4D9A8AD" name="yoyo middle" activiti:assignee="$INITIATOR" activiti:formKey="3">
      <extensionElements>
        <modeler:allow-send-email><![CDATA[true]]></modeler:allow-send-email>
        <modeler:form-reference-id><![CDATA[3]]></modeler:form-reference-id>
        <modeler:form-reference-name><![CDATA[form2]]></modeler:form-reference-name>
        <modeler:activiti-idm-initiator><![CDATA[true]]></modeler:activiti-idm-initiator>
        <modeler:editor-resource-id><![CDATA[sid-2A3C413C-B4AD-4DAC-989A-BDC4D4D9A8AD]]></modeler:editor-resource-id>
      </extensionElements>
    </userTask>
    <sequenceFlow id="sid-36B25C60-636F-4D76-8EAB-4833D0AC5318" sourceRef="startEvent1" targetRef="sid-2A3C413C-B4AD-4DAC-989A-BDC4D4D9A8AD">
      <extensionElements>
        <modeler:editor-resource-id><![CDATA[sid-36B25C60-636F-4D76-8EAB-4833D0AC5318]]></modeler:editor-resource-id>
      </extensionElements>
    </sequenceFlow>
    <endEvent id="sid-0B487AE3-2C0F-4A32-9280-12D78BA73E61" name="yoyo end">
      <extensionElements>
        <modeler:editor-resource-id><![CDATA[sid-0B487AE3-2C0F-4A32-9280-12D78BA73E61]]></modeler:editor-resource-id>
      </extensionElements>
    </endEvent>
    <sequenceFlow id="sid-4776B68F-3516-4F2A-A3BB-7A0F71A42FAD" sourceRef="sid-2A3C413C-B4AD-4DAC-989A-BDC4D4D9A8AD" targetRef="sid-0B487AE3-2C0F-4A32-9280-12D78BA73E61">
      <extensionElements>
        <modeler:editor-resource-id><![CDATA[sid-4776B68F-3516-4F2A-A3BB-7A0F71A42FAD]]></modeler:editor-resource-id>
      </extensionElements>
    </sequenceFlow>
  </process>
  <bpmndi:BPMNDiagram id="BPMNDiagram_yoyo">
    <bpmndi:BPMNPlane bpmnElement="yoyo" id="BPMNPlane_yoyo">
      <bpmndi:BPMNShape bpmnElement="startEvent1" id="BPMNShape_startEvent1">
        <omgdc:Bounds height="30.0" width="30.0" x="100.0" y="163.0"/>
      </bpmndi:BPMNShape>
      <bpmndi:BPMNShape bpmnElement="sid-2A3C413C-B4AD-4DAC-989A-BDC4D4D9A8AD" id="BPMNShape_sid-2A3C413C-B4AD-4DAC-989A-BDC4D4D9A8AD">
        <omgdc:Bounds height="80.0" width="100.0" x="390.0" y="138.0"/>
      </bpmndi:BPMNShape>
      <bpmndi:BPMNShape bpmnElement="sid-0B487AE3-2C0F-4A32-9280-12D78BA73E61" id="BPMNShape_sid-0B487AE3-2C0F-4A32-9280-12D78BA73E61">
        <omgdc:Bounds height="28.0" width="28.0" x="705.0" y="164.0"/>
      </bpmndi:BPMNShape>
      <bpmndi:BPMNEdge bpmnElement="sid-36B25C60-636F-4D76-8EAB-4833D0AC5318" id="BPMNEdge_sid-36B25C60-636F-4D76-8EAB-4833D0AC5318">
        <omgdi:waypoint x="130.0" y="178.0"/>
        <omgdi:waypoint x="390.0" y="178.0"/>
      </bpmndi:BPMNEdge>
      <bpmndi:BPMNEdge bpmnElement="sid-4776B68F-3516-4F2A-A3BB-7A0F71A42FAD" id="BPMNEdge_sid-4776B68F-3516-4F2A-A3BB-7A0F71A42FAD">
        <omgdi:waypoint x="490.0" y="178.0"/>
        <omgdi:waypoint x="705.0" y="178.0"/>
      </bpmndi:BPMNEdge>
    </bpmndi:BPMNPlane>
  </bpmndi:BPMNDiagram>
</definitions>